,AUC,acc,rec,spe,pre,TP,TN,FP,FN
0,0.6333333333333333,0.6461538461538462,0.9333317777803704,0.39999942857224485,0.5714279883387874,56.0,28.0,42.0,4.0
0,0.6571428571428571,0.6461538461538462,0.2999995000008333,0.9428557959202915,0.8181780991904583,18.0,66.0,4.0,42.0
0,0.5961904761904762,0.6153846153846154,0.5833323611127315,0.6428562244911078,0.5833323611127315,35.0,45.0,25.0,25.0
0,0.48690476190476184,0.5076923076923077,0.9999983333361111,0.08571416326548105,0.4838705775237278,60.0,6.0,64.0,0.0
0,0.6335714285714286,0.6153846153846154,0.6499989166684722,0.5857134489807871,0.5735285683403406,39.0,41.0,29.0,21.0
mean,0.6014285714285713,0.6061538461538463,0.6933321777797037,0.5314278122459826,0.6060675189012091,41.6,37.2,32.8,18.4
