,AUC,acc,rec,spe,pre,TP,TN,FP,FN
0,0.6638095238095238,0.6615384615384615,0.733330888897037,0.5999982857191836,0.6111094135849622,22.0,21.0,14.0,8.0
0,0.6361904761904762,0.6615384615384615,0.5666647777840741,0.7428550204142274,0.6538436390629266,17.0,26.0,9.0,13.0
0,0.5361904761904762,0.5692307692307692,0.9999966666777778,0.1999994285730612,0.5172404875164008,30.0,7.0,28.0,0.0
0,0.38571428571428573,0.6,0.16666611111296295,0.9714257959262973,0.8333194446759221,5.0,34.0,1.0,25.0
0,0.6866666666666666,0.676923076923077,0.43333188889370367,0.885711755109271,0.7647013841095053,13.0,31.0,4.0,17.0
0,0.579047619047619,0.5692307692307692,0.9999966666777778,0.1999994285730612,0.5172404875164008,30.0,7.0,28.0,0.0
mean,0.5812698412698413,0.6230769230769231,0.6499978333405555,0.5999982857191836,0.6495758094110197,19.5,21.0,14.0,10.5
