,AUC,acc,rec,spe,pre,TP,TN,FP,FN,AUC,acc,rec,spe,pre,TP,TN,FP,FN
0,0.9992249999999999,0.995,0.9949995025002487,0.9949995025002487,0.9949995025002487,199,199,1,1,0.4866115702479339,0.5636363636363636,0.7090896198370548,0.41818105785262205,0.5492950009929564,39,23,32,16
0,1.0,1.0,0.9999995121953599,0.9999995121953599,0.9999995121953599,205,205,0,0,0.6531999999999999,0.68,0.55999888000224,0.7999984000032,0.7368401662100889,28,40,10,22
0,1.0,1.0,0.9999995121953599,0.9999995121953599,0.9999995121953599,205,205,0,0,0.6824,0.7,0.7599984800030399,0.63999872000256,0.6785702168388985,38,32,18,12
0,0.9999048185603807,0.9975609756097561,0.9999995121953599,0.995121465794407,0.9951451479877922,205,204,1,0,0.7032,0.67,0.45999908000184,0.8799982400035199,0.7931007134458157,23,44,6,27
0,0.9946460440214158,0.973170731707317,0.9658531873886891,0.980487326591548,0.9801975345556759,198,201,4,7,0.664,0.65,0.499999000002,0.7999984000032,0.7142836734752186,25,40,10,25
