,AUC,acc,rec,spe,pre,TP,TN,FP,FN,AUC,acc,rec,spe,pre,TP,TN,FP,FN
0,0.9996625,0.9925,0.9974997506250624,0.9874997531250618,0.9876235179149708,399,395,5,1,0.552809917355372,0.5636363636363636,0.5818176528930428,0.5454540495872277,0.5614030163131436,64,60,50,46
0,0.9992801903628792,0.9939024390243902,0.9975607323022605,0.9902436609161803,0.9903145301901864,409,406,4,1,0.7153,0.675,0.45999954000046,0.8899991100008899,0.8070161280418806,46,89,11,54
0,0.9991969066032125,0.9939024390243902,0.9951217085069004,0.9926826847115404,0.9927004883940418,408,407,3,2,0.6964,0.67,0.78999921000079,0.54999945000055,0.6370962604062416,79,55,45,21
0,0.9999048185603807,0.9975609756097561,0.9975607323022605,0.9975607323022605,0.9975607323022605,409,409,1,1,0.715,0.68,0.78999921000079,0.56999943000057,0.6475404528356944,79,57,43,21
0,0.979476502082094,0.9426829268292682,0.9341461136228991,0.9512192801904196,0.9503719726124138,383,390,20,27,0.5737,0.605,0.85999914000086,0.34999965000035,0.5695360466648698,86,35,65,14
,,,,,,,,,,,,,,,,