,AUC,acc,sen,spe,AUC,acc,sen,spe
0,0.9999875,0.99875,0.9974997506250624,0.9999997500000626,0.4536363636363636,0.5409090909090909,0.7727265702485725,0.309090628099429
0,0.9963176680547293,0.9939024390243902,0.9902436609161803,0.9975607323022605,0.764,0.705,0.7099992900007099,0.6999993000007
0,1.0,1.0,0.9999997560976205,0.9999997560976205,0.6517,0.63,0.62999937000063,0.62999937000063
0,0.9999405116002379,0.9963414634146341,0.9951217085069004,0.9975607323022605,0.7046,0.685,0.78999921000079,0.57999942000058
0,0.9999524092801904,0.9975609756097561,0.9999997560976205,0.9951217085069004,0.5964,0.61,0.31999968000032,0.8999991000009
