,AUC,acc,rec,spe,pre,TP,TN,FP,FN
0,0.615952380952381,0.6076923076923076,0.5333324444459259,0.6714276122462682,0.5818171239688654,32.0,47.0,23.0,28.0
0,0.5552380952380953,0.5384615384615384,0.8666652222246296,0.25714248979644316,0.4999995192312315,52.0,18.0,52.0,8.0
0,0.48857142857142855,0.5307692307692308,0.8833318611135648,0.22857110204128278,0.49532663988164494,53.0,16.0,54.0,7.0
0,0.5576190476190476,0.5846153846153846,0.549999083334861,0.6142848367359475,0.549999083334861,33.0,43.0,27.0,27.0
0,0.6488095238095238,0.676923076923077,0.633332277779537,0.7142846938790087,0.655171284187441,38.0,50.0,20.0,22.0
mean,0.5732380952380953,0.5876923076923077,0.6933321777797037,0.49714214693979003,0.5564627301208087,41.6,34.8,35.2,18.4
