,AUC,acc,rec,spe,pre,TP,TN,FP,FN
0,0.5538095238095239,0.5615384615384615,0.8999985000024999,0.2714281836740233,0.5142852244902624,54.0,19.0,51.0,6.0
0,0.635,0.6461538461538462,0.4166659722233796,0.8428559387772303,0.694442515437457,25.0,59.0,11.0,35.0
0,0.47261904761904766,0.5307692307692308,0.8333319444467592,0.2714281836740233,0.4950490148029556,50.0,19.0,51.0,10.0
0,0.5495238095238095,0.6538461538461539,0.36666605555657406,0.899998714287551,0.7586180737307803,22.0,63.0,7.0,38.0
0,0.47500000000000003,0.5461538461538461,0.8499985833356944,0.2857138775516035,0.5049499950990147,51.0,20.0,50.0,9.0
mean,0.5371904761904762,0.5876923076923076,0.6733322111129814,0.5142849795928862,0.593468964712094,40.4,36.0,34.0,19.6
