,AUC,acc,rec,spe,pre,TP,TN,FP,FN,AUC,acc,rec,spe,pre,TP,TN,FP,FN
0,1.0,1.0,0.9999997500000626,0.9999997500000626,0.9999997500000626,400,400,0,0,0.3578512396694215,0.5,0.0,0.9999990909099173,0.0,0,110,0,110
0,0.9999881023200475,0.998780487804878,0.9975607323022605,0.9999997560976205,0.9999997555012823,409,410,0,1,0.6110999999999999,0.635,0.39999960000039997,0.8699991300008699,0.7547155571404581,40,87,13,60
0,0.9999881023200475,0.998780487804878,0.9999997560976205,0.9975607323022605,0.9975666672587185,410,409,1,0,0.7774999999999999,0.735,0.8899991100008899,0.57999942000058,0.6793887943596989,89,58,42,11
0,1.0,1.0,0.9999997560976205,0.9999997560976205,0.9999997560976205,410,410,0,0,0.5137,0.57,0.15999984000016,0.9799990200009799,0.8888839506447187,16,98,2,84
0,1.0,1.0,0.9999997560976205,0.9999997560976205,0.9999997560976205,410,410,0,0,0.538,0.605,0.45999954000046,0.74999925000075,0.6478864114275895,46,75,25,54
