,AUC,acc,rec,spe,pre,TP,TN,FP,FN,AUC,acc,rec,spe,pre,TP,TN,FP,FN
0,1.0,1.0,0.9999997500000626,0.9999997500000626,0.9999997500000626,400,400,0,0,0.3519008264462809,0.5,0.0,0.9999990909099173,0.0,0,110,0,110
0,0.9980249851279,0.9939024390243902,0.9926826847115404,0.9951217085069004,0.9951097811467529,407,408,2,3,0.6753,0.65,0.51999948000052,0.7799992200007799,0.702701753105739,52,78,22,48
0,1.0,1.0,0.9999997560976205,0.9999997560976205,0.9999997560976205,410,410,0,0,0.7727,0.735,0.85999914000086,0.60999939000061,0.6879994496004403,86,61,39,14
0,1.0,1.0,0.9999997560976205,0.9999997560976205,0.9999997560976205,410,410,0,0,0.5437,0.565,0.16999983000017,0.9599990400009599,0.8095199546668825,17,96,4,83
0,0.9997323022010708,0.9963414634146341,0.9975607323022605,0.9951217085069004,0.9951335778263801,409,408,2,1,0.5992999999999999,0.6,0.4999995000005,0.6999993000007,0.6249992187509765,50,70,30,50
