,AUC,acc,rec,spe,pre,TP,TN,FP,FN
0,0.7895238095238095,0.7153846153846154,0.816665305557824,0.6285705306135276,0.6533324622233837,49.0,44.0,26.0,11.0
0,0.5719047619047619,0.5923076923076923,0.6499989166684722,0.5428563673480467,0.5492950009929564,39.0,38.0,32.0,21.0
0,0.44547619047619047,0.5538461538461539,0.09999983333361111,0.9428557959202915,0.5999940000599994,6.0,66.0,4.0,54.0
0,0.6483333333333333,0.6461538461538462,0.7499987500020833,0.5571420612256268,0.5921044840730473,45.0,39.0,31.0,15.0
0,0.4111904761904762,0.5076923076923077,0.9666650555582407,0.11428555102064139,0.4833329305558912,58.0,8.0,62.0,2.0
mean,0.5732857142857143,0.6030769230769231,0.6566655722240462,0.5571420612256268,0.5756117755810556,39.4,39.0,31.0,20.6
