,AUC,acc,rec,spe,pre,TP,TN,FP,FN,AUC,acc,rec,spe,pre,TP,TN,FP,FN
0,1.0,1.0,0.9999997500000626,0.9999997500000626,0.9999997500000626,400,400,0,0,0.35776859504132225,0.5,0.0,0.9999990909099173,0.0,0,110,0,110
0,1.0,1.0,0.9999997560976205,0.9999997560976205,0.9999997560976205,410,410,0,0,0.6757,0.665,0.47999952000047996,0.84999915000085,0.7619035525340435,48,85,15,52
0,0.9999940511600238,0.998780487804878,0.9975607323022605,0.9999997560976205,0.9999997555012823,409,410,0,1,0.6463,0.63,0.41999958000042,0.83999916000084,0.7241366825229612,42,84,16,58
0,0.9999940511600238,0.998780487804878,0.9975607323022605,0.9999997560976205,0.9999997555012823,409,410,0,1,0.5807,0.6,0.81999918000082,0.37999962000038,0.5694440489971881,82,38,62,18
0,1.0,1.0,0.9999997560976205,0.9999997560976205,0.9999997560976205,410,410,0,0,0.5639000000000001,0.595,0.27999972000028,0.90999909000091,0.7567547114737527,28,91,9,72
